INSERT INTO `nature` (`name`, `atk_bonus`, `def_bonus`, `spa_bonus`, `spd_bonus`, `spe_bonus`) VALUES
	('Assuré (+Def, -Atk)', 0.9, 1.1, 1.0, 1.0, 1.0),
	('Bizarre', 1.0, 1.0, 1.0, 1.0, 1.0),
	('Brave (+Atk, -Spe)', 1.1, 1.0, 1.0, 1.0, 0.9),
	('Calme (+SpD, -Atk)', 0.9, 1.0, 1.0, 1.1, 1.0),
	('Discret (+SpA, -Spe)', 1.0, 1.0, 1.1, 1.0, 0.9),
	('Docile', 1.0, 1.0, 1.0, 1.0, 1.0),
	('Doux (+SpA, -Def)', 1.0, 0.9, 1.1, 1.0, 1.0),
	('Foufou (+SpA, -SpD)', 1.0, 1.0, 1.1, 0.9, 1.0),
	('Gentil (+SpD, -Def)', 1.0, 0.9, 1.0, 1.1, 1.0),
	('Hardi', 1.0, 1.0, 1.0, 1.0, 1.0),
	('Jovial (+Spe, -SpA)', 1.0, 1.0, 0.9, 1.0, 1.1),
	('Lache (+Def, -SpD)', 1.0, 1.1, 1.0, 0.9, 1.0),
	('Malin (+Def, -SpA)', 1.0, 1.1, 0.9, 1.0, 1.0),
	('Malpoli (+SpD, -Spe)', 1.0, 1.0, 1.0, 1.1, 0.9),
	('Mauvais (+Atk, -SpD)', 1.1, 1.0, 1.0, 0.9, 1.0),
	('Modeste (+SpA, -Atk)', 0.9, 1.0, 1.1, 1.0, 1.0),
	('Naif (+Spe, -SpD)', 1.0, 1.0, 1.0, 0.9, 1.1),
	('Pressé (+Spe, -Def)', 1.0, 0.9, 1.0, 1.0, 1.1),
	('Prudent (+SpD, -SpA)', 1.0, 1.0, 0.9, 1.1, 1.0),
	('Pudique', 1.0, 1.0, 1.0, 1.0, 1.0),
	('Relax (+Def, -Spe)', 1.0, 1.1, 1.0, 1.0, 0.9),
	('Rigide (+Atk, -SpA)', 1.1, 1.0, 0.9, 1.0, 1.0),
	('Serieux', 1.0, 1.0, 1.0, 1.0, 1.0),
	('Solo (+Atk, -Def)', 1.1, 0.9, 1.0, 1.0, 1.0),
	('Timide (+Spe, -Atk)', 0.9, 1.0, 1.0, 1.0, 1.1);
	
INSERT INTO `atk_type` (`id`, `name`) VALUES 
	('1', 'Plante'),
	('2', 'Feu'),
	('3', 'Eau'),
	('4', 'Poison'),
	('5', 'Vol'),
	('6', 'Normal');
	
INSERT INTO `pkm_type` (`id`, `name`) VALUES 
	('1', 'Plante'),
	('2', 'Feu'),
	('3', 'Eau'),
	('4', 'Poison'),
	('5', 'Vol'),
	('6', 'Normal');
	
INSERT INTO `ability` (`name`, `effect`) VALUES
	('Engrais', 'Donne un bonus mulitiplicateur de X1.5 aux attaques plante lorsque les PV de ce Pokémon sont inférieurs à 1/3.'),
	('Brasier', 'Donne un bonus mulitiplicateur de X1.5 aux attaques feu lorsque les PV de ce Pokémon sont inférieurs à 1/3.'),
	('Torrent', 'Donne un bonus mulitiplicateur de X1.5 aux attaques eau lorsque les PV de ce Pokémon sont inférieurs à 1/3.'),
	('Chlorophylle', 'Augmente la vitesse au soleil'),
	('Force Soleil', "Si le soleil brille, les PV du Pokémon diminuent d'1/8ème à chaque tour, mais son Attaque Spéciale est multipliée par 1.5."),
	('Cuvette', 'Restaure 1/8ème des PV à chaque tour par temps de pluie.');
	
INSERT INTO `move` (`name`, `type_id`, `base_power`, `precision`, `classe`, `PP`, `effect`) VALUES
	('Fouet Lianes', 1, 45, 100, 0, 25, 'Aucun'),
	('Flammeche', 2, 40, 100, 1, 25, '10% de chance de brûler'),
	('Pistoler à O', 3, 40, 100, 1, 25, 'Aucun'),
	('Para-Spore', 1, 0, 75, 2, 30, 'Paralyse la cible'),
	("Tranch'Herbe", 1, 55, 95, 0, 25, 'Haut taux de coups critiques'),
	('Charge', 6, 50, 100, 0, 35, 'Aucun'),
	('Griffe', 6, 40, 100, 0, 35, 'Aucun'),
	('Surf', 3, 90, 100, 1, 15, 'Aucun'),
	('Lance-Flammes', 2, 90, 100, 1, 15, '10% de chance de brûler'),
	('Bomb-Beurk', 4, 90, 100, 1, 10, "10% de chance d'empoisonner"),
	('Cru-Aile', 5, 60, 100, 0, 35, 'Aucun'),
	('Déflagration', 2, 110, 85, 1, 5, '10% de chance de brûler'),
	('Crocs Feu', 2, 65, 95, 0, 15, "10% de chance de brûler, 10% de chance d'apeurer"),
	('Hydrocanon', 3, 110, 80, 1, 5, 'Aucun'),
	('Ebullition', 3, 80, 100, 1, 15, '30% de chance de brûler');
	
INSERT INTO `pokemon` (`num`, `name`, `base_stat_pv`, `base_stat_atk`, `base_stat_def`, `base_stat_spa`, `base_stat_spd`, `base_stat_spe`) VALUES
	(1, 'Bulbizarre', 45, 49, 49, 65, 65, 45),
	(2, 'Herbizarre', 60, 62, 63, 80, 80, 60),
	(3, 'Florizarre', 80, 82, 83, 100, 100, 80),
	(4, 'Salameche', 39, 52, 43, 60, 50, 65),
	(5, 'Reptincel', 58, 64, 58, 80, 65, 80),
	(6, 'Dracaufeu', 78, 84, 78, 109, 85, 100),
	(7, 'Carapuce', 44, 48, 65, 60, 64, 43),
	(8, 'Carabaffe', 59, 63, 80, 65, 80, 58),
	(9, 'Tortank', 79, 83, 100, 85, 105, 78);

	
INSERT INTO `effective_against` (`atk_type_id`, `pkm_type_id`) VALUES 
	('1', '3'),
	('2', '1'),
	('3', '2'),
	('4', '1'),
	('5', '1');
	
INSERT INTO `weak_against` (`atk_type_id`, `pkm_type_id`) VALUES 
	('1', '1'),
	('1', '4'),
	('1', '2'),
	('2', '2'),
	('2', '3'),
	('3', '1'),
	('3', '3'),
	('4', '4');
	
INSERT INTO `resist` (`pkm_type_id`, `atk_type_id`) VALUES 
	('1', '1'),
	('1', '3'),
	('2', '2'),
	('3', '3'),
	('4', '1'),
	('4', '4'),
	('5', '1');
	
INSERT INTO `weak` (`pkm_type_id`, `atk_type_id`) VALUES 
	('1', '2'),
	('1', '4'),
	('2', '3'),
	('3', '1');
	
INSERT INTO `image` (`id`, `url`, `alt`) VALUES 
	('1', '/symfoDex/public/Sprite/1.png', 'Bulbizarre'),
	('2', '/symfoDex/public/Sprite/2.png', 'Herbizarre'),
	('3', '/symfoDex/public/Sprite/3.png', 'Florizarre'),
	('4', '/symfoDex/public/Sprite/4.png', 'Salamèche'),
	('5', '/symfoDex/public/Sprite/5.png', 'Reptincel'),
	('6', '/symfoDex/public/Sprite/6.png', 'Dracaufeu'),
	('7', '/symfoDex/public/Sprite/7.png', 'Carapuce'),
	('8', '/symfoDex/public/Sprite/8.png', 'Carabaffe'),
	('9', '/symfoDex/public/Sprite/9.png', 'Tortank');
	
INSERT INTO `pokemon_move` (`pokemon_id`, `move_id`) VALUES 
	('1', '1'),
	('1', '4'),
	('1', '5'),
	('1', '6'),
	('1', '10'),
	('2', '1'),
	('2', '4'),
	('2', '5'),
	('2', '6'),
	('2', '10'),
	('3', '1'),
	('3', '4'),
	('3', '5'),
	('3', '6'),
	('3', '10'),
	('4', '2'),
	('4', '7'),
	('4', '9'),
	('4', '12'),
	('4', '13'),
	('5', '2'),
	('5', '7'),
	('5', '9'),
	('5', '12'),
	('5', '13'),
	('6', '2'),
	('6', '7'),
	('6', '9'),
	('6', '11'),
	('6', '12'),
	('6', '13'),
	('7', '3'),
	('7', '6'),
	('7', '8'),
	('7', '14'),
	('7', '15'),
	('8', '3'),
	('8', '6'),
	('8', '8'),
	('8', '14'),
	('8', '15'),
	('9', '3'),
	('9', '6'),
	('9', '8'),
	('9', '14'),
	('9', '15');
	
INSERT INTO `pokemon_pkm_type` (`pokemon_id`, `pkm_type_id`) VALUES 
	('1', '1'),
	('1', '4'),
	('2', '1'),
	('2', '4'),
	('3', '1'),
	('3', '4'),
	('4', '2'),
	('5', '2'),
	('6', '2'),
	('6', '5'),
	('7', '3'),
	('8', '3'),
	('9', '3');
	
INSERT INTO `pokemon_ability` (`pokemon_id`, `ability_id`) VALUES 
	('1', '1'),
	('1', '4'),
	('2', '1'),
	('2', '4'),
	('3', '1'),
	('3', '4'),
	('4', '2'),
	('4', '5'),
	('5', '2'),
	('5', '5'),
	('6', '2'),
	('6', '5'),
	('7', '3'),
	('7', '6'),
	('8', '3'),
	('8', '6'),
	('9', '3'),
	('9', '6');
	
INSERT INTO `build` (`id`, `pokemon_id`, `image_id`, `nature_id`, `ability_id`, `date`, `title`, `author`, `content`, `updated_at`, `EV_PV`, `EV_ATK`, `EV_DEF`, `EV_SPA`, `EV_SPD`, `EV_SPE`, `IV_PV`, `IV_ATK`, `IV_DEF`, `IV_SPA`, `IV_SPD`, `IV_SPE`) VALUES 
	('1', '1', '1', '1', '4', '2020-05-06 00:00:00', 'build test Bulbizarre', 'Lou', 'Content', null, 0,0,0,0,0,0,0,0,0,0,0,0),
	('2', '2', '2', '2', '4', '2020-05-06 00:00:00', 'build test Herbizarre', 'Lou', 'Content', null, 0,0,0,0,0,0,0,0,0,0,0,0),
	('3', '3', '3', '3', '4', '2020-05-06 00:00:00', 'build test Florizarre', 'Lou', 'Content', null, 0,0,0,0,0,0,0,0,0,0,0,0),
	('4', '4', '4', '4', '5', '2020-05-06 00:00:00', 'build test Salamèche', 'Lou', 'Content', null, 0,0,0,0,0,0,0,0,0,0,0,0),
	('5', '5', '5', '5', '5', '2020-05-06 00:00:00', 'build test Reptincel', 'Lou', 'Content', null, 0,0,0,0,0,0,0,0,0,0,0,0),
	('6', '6', '6', '6', '5', '2020-05-06 00:00:00', 'build test Dracaufeu', 'Lou', 'Content', null, 0,0,0,0,0,0,0,0,0,0,0,0),
	('7', '7', '7', '7', '6', '2020-05-06 00:00:00', 'build test Carapuce', 'Lou', 'Content', null, 0,0,0,0,0,0,0,0,0,0,0,0),
	('8', '8', '8', '8', '6', '2020-05-06 00:00:00', 'build test Carabaffe', 'Lou', 'Content', null, 0,0,0,0,0,0,0,0,0,0,0,0),
	('9', '9', '9', '9', '6', '2020-05-06 00:00:00', 'build test Tortank', 'Lou', 'Content', null, 0,0,0,0,0,0,0,0,0,0,0,0);
	
INSERT INTO `build_move` (`build_id`, `move_id`) VALUES 
	('1', '1'),
	('1', '4'),
	('1', '5'),
	('1', '6'),
	('2', '1'),
	('2', '4'),
	('2', '5'),
	('2', '6'),
	('3', '1'),
	('3', '4'),
	('3', '5'),
	('3', '6'),
	('4', '2'),
	('4', '7'),
	('4', '9'),
	('4', '12'),
	('5', '2'),
	('5', '7'),
	('5', '9'),
	('5', '12'),
	('6', '2'),
	('6', '7'),
	('6', '9'),
	('6', '12'),
	('7', '3'),
	('7', '6'),
	('7', '8'),
	('7', '14'),
	('8', '3'),
	('8', '6'),
	('8', '8'),
	('8', '14'),
	('9', '3'),
	('9', '6'),
	('9', '8'),
	('9', '14');